word,count,total_tokens
a,5498392,378750562
about,467263,378750562
above,61784,378750562
after,171965,378750562
all,491094,378750562
am,102605,378750562
and,7120191,378750562
animal,54320,378750562
another,92544,378750562
any,292309,378750562
are,1923506,378750562
arm,23193,378750562
around,158717,378750562
at,822349,378750562
away,70680,378750562
baby,28122,378750562
back,162883,378750562
bad,41715,378750562
ball,36573,378750562
bat,8884,378750562
bath,17879,378750562
be,1506216,378750562
beach,8236,378750562
beans,11127,378750562
bear,13291,378750562
because,210021,378750562
bed,32458,378750562
bee,10700,378750562
before,159135,378750562
behind,35467,378750562
belt,7134,378750562
better,120767,378750562
big,52152,378750562
bird,29562,378750562
bite,10915,378750562
black,51868,378750562
block,32917,378750562
blow,13136,378750562
blue,34816,378750562
boat,12764,378750562
book,58632,378750562
bottle,9444,378750562
bowl,10576,378750562
box,28785,378750562
bread,13367,378750562
break,49445,378750562
bring,35999,378750562
broken,13194,378750562
brown,23534,378750562
brush,16721,378750562
build,50159,378750562
bus,17328,378750562
but,568428,378750562
butter,23917,378750562
button,15891,378750562
buy,37141,378750562
by,943527,378750562
cake,8173,378750562
call,47706,378750562
camera,30713,378750562
can,1500918,378750562
car,140715,378750562
careful,13069,378750562
carry,21995,378750562
cat,75729,378750562
catch,15103,378750562
chair,7552,378750562
cheese,15880,378750562
chicken,20090,378750562
child,67738,378750562
chocolate,14266,378750562
clean,63204,378750562
clock,10900,378750562
close,42868,378750562
cloud,11346,378750562
coat,15916,378750562
coffee,15648,378750562
cold,44011,378750562
comb,28833,378750562
cook,28632,378750562
corn,12744,378750562
could,202111,378750562
country,39606,378750562
cover,35090,378750562
cow,8547,378750562
cry,11337,378750562
cup,16687,378750562
cut,52236,378750562
dark,36821,378750562
day,132798,378750562
deer,8857,378750562
did,86283,378750562
dish,19908,378750562
do,415646,378750562
doctor,23403,378750562
does,176939,378750562
dog,107886,378750562
doll,5328,378750562
door,20707,378750562
down,141628,378750562
draw,34376,378750562
dress,14972,378750562
drink,15991,378750562
drive,30304,378750562
drop,18497,378750562
dry,56602,378750562
each,188773,378750562
ear,36264,378750562
eat,53427,378750562
egg,19396,378750562
empty,8601,378750562
every,123581,378750562
eye,59649,378750562
face,38565,378750562
fall,38275,378750562
farm,20677,378750562
fast,40820,378750562
feed,37388,378750562
find,139599,378750562
fine,28690,378750562
finger,10165,378750562
finish,12332,378750562
first,236732,378750562
fish,71366,378750562
fit,36542,378750562
fix,18210,378750562
flower,17198,378750562
food,169780,378750562
foot,34562,378750562
for,2373389,378750562
friend,18897,378750562
full,66179,378750562
game,53819,378750562
garden,54998,378750562
gas,59577,378750562
gentle,9079,378750562
get,256513,378750562
give,78910,378750562
glass,27028,378750562
glasses,8179,378750562
go,127898,378750562
good,174517,378750562
grass,28397,378750562
green,52055,378750562
gum,7826,378750562
hair,32538,378750562
hand,94149,378750562
happy,19328,378750562
hard,78103,378750562
have,1018533,378750562
he,254889,378750562
head,79304,378750562
hear,20622,378750562
heavy,25708,378750562
help,251464,378750562
her,138587,378750562
here,91894,378750562
high,196172,378750562
him,53468,378750562
his,172229,378750562
hit,22120,378750562
hold,33835,378750562
home,131776,378750562
horse,24959,378750562
hot,49476,378750562
house,44983,378750562
how,346735,378750562
hurt,7028,378750562
i,63591,378750562
ice,35719,378750562
if,419406,378750562
inside,48910,378750562
into,397168,378750562
is,3641254,378750562
it,1715849,378750562
juice,8794,378750562
jump,14445,378750562
kitchen,16669,378750562
knife,7392,378750562
last,85709,378750562
later,44780,378750562
lawn,12787,378750562
leg,34793,378750562
light,145009,378750562
like,388893,378750562
listen,10475,378750562
little,88168,378750562
living,47222,378750562
long,176726,378750562
look,110220,378750562
loud,8072,378750562
love,51611,378750562
make,296957,378750562
man,78158,378750562
me,136225,378750562
meat,36343,378750562
medicine,16167,378750562
milk,34820,378750562
mine,8217,378750562
money,45271,378750562
moon,8707,378750562
more,646382,378750562
morning,16818,378750562
mouse,8790,378750562
mouth,23985,378750562
movie,9653,378750562
much,189597,378750562
my,241754,378750562
myself,11269,378750562
need,265515,378750562
new,260332,378750562
next,69326,378750562
nice,16785,378750562
night,41146,378750562
no,225639,378750562
none,7735,378750562
nose,11596,378750562
not,815378,378750562
now,124879,378750562
nuts,9422,378750562
of,6804009,378750562
off,153033,378750562
old,64717,378750562
on,1507838,378750562
open,67206,378750562
orange,11177,378750562
other,432738,378750562
our,316482,378750562
out,409394,378750562
outside,42353,378750562
oven,12170,378750562
over,290446,378750562
paint,23363,378750562
paper,58993,378750562
park,11845,378750562
party,10818,378750562
pen,27369,378750562
people,279176,378750562
person,80274,378750562
pick,28569,378750562
picture,22333,378750562
pig,19564,378750562
plant,116803,378750562
plate,17497,378750562
play,71607,378750562
please,20040,378750562
pool,20782,378750562
poor,26137,378750562
present,61409,378750562
pretty,28886,378750562
pull,26811,378750562
puppy,11440,378750562
push,20618,378750562
put,74773,378750562
quiet,8173,378750562
radio,18557,378750562
rain,28885,378750562
read,71508,378750562
red,62530,378750562
ride,11267,378750562
rock,27002,378750562
roof,24168,378750562
room,44827,378750562
run,60770,378750562
salt,25988,378750562
same,157242,378750562
sauce,12179,378750562
say,69731,378750562
school,79483,378750562
see,156757,378750562
share,37023,378750562
she,98763,378750562
shopping,7352,378750562
show,65343,378750562
shower,7204,378750562
sick,12722,378750562
sing,10220,378750562
sit,14426,378750562
sky,11667,378750562
sleep,34565,378750562
slow,34275,378750562
snow,21904,378750562
so,405476,378750562
soap,10414,378750562
soda,6832,378750562
soft,26781,378750562
some,373597,378750562
stand,25041,378750562
star,21118,378750562
stay,43978,378750562
stick,19261,378750562
stone,16207,378750562
stop,53883,378750562
store,32352,378750562
story,38436,378750562
street,9170,378750562
stuck,7512,378750562
sun,53069,378750562
swim,12367,378750562
table,36368,378750562
take,170195,378750562
talk,30652,378750562
tape,10185,378750562
taste,24074,378750562
teacher,17974,378750562
that,2409238,378750562
the,11973650,378750562
their,727294,378750562
them,424899,378750562
then,215174,378750562
there,353063,378750562
these,349956,378750562
they,728138,378750562
think,111259,378750562
this,859808,378750562
those,152148,378750562
throw,8200,378750562
time,392706,378750562
tiny,19482,378750562
tissue,24379,378750562
to,6741706,378750562
today,54480,378750562
too,118480,378750562
tooth,20416,378750562
touch,23303,378750562
train,18458,378750562
tree,50316,378750562
truck,8356,378750562
try,58575,378750562
turn,51954,378750562
under,141362,378750562
up,400134,378750562
us,134829,378750562
vacuum,11060,378750562
wait,15639,378750562
walk,24758,378750562
was,622765,378750562
wash,12596,378750562
washing,10867,378750562
watch,19327,378750562
water,321446,378750562
we,583234,378750562
were,295985,378750562
wet,23791,378750562
what,323887,378750562
when,427914,378750562
where,223616,378750562
which,553366,378750562
white,57709,378750562
who,251834,378750562
why,95765,378750562
will,732570,378750562
wind,40110,378750562
window,18963,378750562
wish,11337,378750562
with,1701171,378750562
work,239697,378750562
would,265100,378750562
write,23526,378750562
yard,10289,378750562
yellow,25407,378750562
yes,10091,378750562
you,1825197,378750562
your,1231461,378750562
yourself,43181,378750562
