word,sc,mid,rng,kappa,count,total_tokens,logfreq
a,0.1082943401873877,0.3859401874376628,6.074459548741893,4.007596327278284,5498392,378750562,6.740235699015658
about,0.7737100522030189,-0.06534342463157906,10.858289308886595,0.5609336453161654,467263,378750562,5.669561392982333
above,0.28687131321060116,1.5493666330303464,2.4258035703904754,1.5128734732754092,61784,378750562,4.790876021830315
after,0.9727256444571737,-1.3334962345763743,7.096407544436354,0.4461689711513592,171965,378750562,5.235440064037669
all,0.508810513615669,-0.3310756313848733,8.468265106684324,0.8529697959972241,491094,378750562,5.69116462811896
am,0.38350007407520476,-0.2945522690626439,7.458171456901977,1.1316816588538445,102605,378750562,5.011168524708547
and,0.33843223247827414,0.08811837708089829,11.232436500960269,1.2823837635732904,7120191,378750562,6.85249164379605
animal,0.08430727024230635,1.4554807870344582,1.9482797335384658,5.147835990332111,54320,378750562,4.734959761272445
another,0.21148452262393383,1.5586086591658697,2.4797395068812937,2.0521596314248858,92544,378750562,4.966348266942399
any,1.4225395453756584,-0.14297998499551037,11.403563764391695,0.3050881793837169,292309,378750562,5.465842187201994
are,0.3670500028780876,0.10853832336017616,11.43092094007494,1.1824002086826009,1923506,378750562,6.284093545341471
arm,0.15902010709943495,1.5633111645127293,2.281385446798799,2.7292146126440517,23193,378750562,4.36535692799023
around,2.5167154597310115,0.1799774762511061,11.702408273060525,0.17244698772835695,158717,378750562,5.200623446041461
at,0.28383579984399754,-0.07352867883075735,8.854915902654827,1.529053066028091,822349,378750562,5.915056168643691
away,0.6086662326731794,0.7675669212295467,4.607485621267152,0.713034462407962,70680,378750562,4.849296540834726
baby,0.062015469973616955,1.528344960790114,1.9866451722308591,6.9982538257733955,28122,378750562,4.449046203903854
back,0.7791339833123333,1.2282323899745622,4.467972093793041,0.5570287130269113,162883,378750562,5.2118757596218375
bad,0.22285371512487961,1.6501641094845427,1.7097017284668663,1.9474658511158371,41715,378750562,4.620292247919841
ball,0.09620730192543371,1.6440893493698487,2.982998428295283,4.511092103345496,36573,378750562,4.563160585987702
bath,0.12297123814449878,1.5695827205874662,2.4672311099885,3.5292805581905524,17879,378750562,4.252343224380086
be,0.13890395979935102,0.4034982168811278,6.291534953385552,3.1244609630058053,1506216,378750562,6.177887256646551
beans,0.2400173133205972,1.509466296100586,4.189826742353851,1.808202891681798,11127,378750562,4.0463780880482725
bear,0.17966870594361767,1.7141452602174838,3.560576785097063,2.4155569982019838,13291,378750562,4.123557658003949
because,1.4740199644533762,-0.9302894564298104,8.89078743570597,0.2944329184584308,210021,378750562,5.322262722010782
bed,0.11626114984119874,1.608396066437593,3.4114093382682587,3.732975293920636,32458,378750562,4.511321755917704
bee,0.12990238610347707,1.756243250887262,4.4547457678801194,3.3409701932209788,10700,378750562,4.02938377768521
before,1.9755673542252428,-0.820637540195837,9.696899363494879,0.21968372734636604,159135,378750562,5.201765708466025
behind,0.6337447348812659,1.6156040421397735,4.5913780934467745,0.6848183126622918,35467,378750562,4.549824454935242
belt,0.10364868236503642,1.6077627896497693,3.411175831882444,4.18722158446271,7134,378750562,3.8533331050023354
better,0.585859799606191,1.413985741850058,3.6920955992285363,0.7407915687195646,120767,378750562,5.081948278028324
big,0.6602784594323232,-0.34283675948555026,3.2960399738985995,0.6572984379546972,52152,378750562,4.717270968032131
bird,0.2158588674579875,1.514048435046357,2.4536459347323714,2.010572950330471,29562,378750562,4.470733812658553
bite,0.23127219720100892,1.6327112498866498,4.627331438277484,1.8765766281140632,10915,378750562,4.038023740045158
black,0.14813708742463355,1.641566215592667,2.110631394811625,2.929718732459908,51868,378750562,4.714899502173077
block,0.1444205302439173,1.8812975965976135,2.5828691597176627,3.005112910657515,32917,378750562,4.517420247475371
blue,0.029490504218466055,1.5242458979708644,1.6836548271645508,14.716601546888521,34816,378750562,4.541778873682067
book,0.09462282427592546,1.411555447767455,1.5397235523356825,4.586631220543911,58632,378750562,4.768134708685043
bottle,0.2471201756173514,1.3744107614639314,2.9384414427082817,1.7562305421473121,9444,378750562,3.9751559784066894
bowl,0.21925498732086515,1.550644138140926,3.6029936704854144,1.9794304581307869,10576,378750562,4.024321442141565
box,0.21139669824123752,1.5044443258978788,1.624393817077542,2.053012197497694,28785,378750562,4.459166233791152
bread,0.1889505730599822,1.7110869239095159,2.8628600362499004,2.2968969766618654,13367,378750562,4.126033948051813
break,0.11654012884223681,1.6626100702783029,1.2570548296628274,3.7240391297963664,49445,378750562,4.694122381227473
bring,0.16077416393231397,1.6953584792103815,1.1374808188092196,2.699438699508425,35999,378750562,4.556290436864124
broken,0.2715210327697283,1.7274269662148714,1.2914710759644858,1.5984028772020287,13194,378750562,4.120376479744434
brown,0.11339389578135049,1.3533490534048203,2.728778214197849,3.827366517478611,23534,378750562,4.371695749117709
brush,0.19490214095278066,1.5681176460017772,4.086580145568311,2.2267585049522163,16721,378750562,4.22326224687663
build,0.12223086381476095,1.8438102317194625,1.1031677183372466,3.5506580453994054,50159,378750562,4.7003488695529025
bus,0.35988701557132846,1.6601692730968345,1.874356985680202,1.2059340326880523,17328,378750562,4.238748439281245
but,0.8674043455832052,-0.38043472645615495,9.931591165050886,0.5003433545265411,568428,378750562,5.75467546254535
butter,0.15127061907379252,1.4257947470379173,3.288023952841664,2.869030368602425,23917,378750562,4.378706703528953
button,0.15809789014109335,1.6919388758298406,4.377899928533524,2.745134673288048,15891,378750562,4.20115122765526
buy,0.19296437905720742,1.5207615540764199,2.071163037325406,2.249119770811864,37141,378750562,4.569853592689579
by,0.14229352295128397,0.3869930023518964,5.670070037882377,3.0500334168308245,943527,378750562,5.974754332464103
cake,0.271804026131101,1.6080006937778248,4.456936769069032,1.5967386729976765,8173,378750562,3.9123814989188004
call,0.26044753905941087,1.4920151249138445,1.2851936772925185,1.6663624527509933,47706,378750562,4.6785730038413815
camera,0.08589195998024295,1.5133664096252244,3.0781077359482936,5.052859430612942,30713,378750562,4.487322239751821
can,0.4026376358647418,0.022500060107221442,10.578563855457098,1.0778922816489855,1500918,378750562,6.1763569659805775
car,0.15482621219111029,1.5872471536721071,2.7935966773340697,2.8031429165514337,140715,378750562,5.148340395018277
careful,0.4044847260797295,1.3073490255978446,3.8307457335820967,1.0729700579953485,13069,378750562,4.116242357963335
carry,0.12861394990455055,1.6569701276179147,1.1847955978809965,3.3744395559120015,21995,378750562,4.342323966312882
cat,0.4979239473037112,1.0010789486196436,2.577771435208133,0.8716190541751139,75729,378750562,4.87926222201213
catch,0.23436473070171596,1.4998779177272525,1.1445141873966724,1.8518144718300924,15103,378750562,4.17906322239498
chair,0.190156764344385,1.7184106950528362,5.203427826615757,2.282327433874509,7552,378750562,3.8780619812900126
cheese,0.2921039312472528,1.5300439085589752,5.2698054667769165,1.4857725404340367,15880,378750562,4.200850498091078
chicken,0.2288897121803851,1.4628433872634707,3.0724246049507657,1.896109684728731,20090,378750562,4.302979936748249
child,1.1393713787103092,-0.3771793270607837,9.820377319816581,0.38091179760128646,67738,378750562,4.830832369725404
chocolate,0.21009934359387805,1.5296117764590587,3.5150280367371796,2.0656894618334545,14266,378750562,4.154302219684665
clean,0.36495082953137176,1.313194471463045,2.8691029710985454,1.1892012974934,63204,378750562,4.800744564405106
clock,0.020033924645778082,1.9195438337310686,1.950102568541765,21.66325408893162,10900,378750562,4.037426497940624
close,0.6384164153916113,0.994385501547116,2.4258227661516827,0.6798070812978388,42868,378750562,4.63213322204048
cloud,0.15779562733673796,1.5821834939365191,1.6061701979132366,2.7503930706130295,11346,378750562,4.054842779228683
coat,0.22215602414006883,1.5363673731602456,4.086552575479715,1.953581955204438,15916,378750562,4.201833930474351
coffee,0.12144631921022263,1.7090608085073111,2.791855010043893,3.573595336790318,15648,378750562,4.194458837443526
cold,0.1664448224043587,1.5656675918691854,2.809461410412018,2.607470714502891,44011,378750562,4.643561236537222
comb,0.16741414867695467,1.3760717894301124,1.075637057745551,2.5923734847372675,28833,378750562,4.459889831970674
cook,0.08329049507300894,1.6099046463816156,2.613794438299294,5.210678596874396,28632,378750562,4.456851685381948
corn,0.11572301188630471,1.6690239632837183,3.1469131221269,3.7503344661163447,12744,378750562,4.105305762793075
could,0.9358925104543357,-0.5871903608287851,9.117620062411127,0.46372846790846906,202111,378750562,5.305589950869567
country,0.03417221881364726,1.5540612746655258,1.4391370477386474,12.700375189763056,39606,378750562,4.597760983135228
cover,0.5454627295944,2.1296147000661496,2.6642564359112875,0.795654728459115,35090,378750562,4.545183368215406
cow,0.3991791010693569,1.5116964494755962,2.2781087845351333,1.0872312674620535,8547,378750562,3.9318137039591394
cry,0.08686927146708938,1.8484191499800078,2.787916927814792,4.996012890063454,11337,378750562,4.054498146636677
cup,0.17564895673370434,1.3741603480560216,3.598632092963066,2.4708373341378467,16687,378750562,4.222378265944956
cut,0.428211868066042,1.2645962942676097,1.394680204628549,1.0135169815822698,52236,378750562,4.717969913205023
dark,0.07440363617312014,1.5258952649606685,1.064582974739742,5.833048253047497,36821,378750562,4.566095579077949
day,0.8137561309825544,-0.2511247477637004,9.384133934511723,0.5333293151057122,132798,378750562,5.1231915344032
deer,0.10021787507975893,1.6469704351941847,2.5239810349675436,4.330564778534755,8857,378750562,3.9472866446777983
did,1.0065900582327945,0.7281465937258549,6.240902019601149,0.4311586394583967,86283,378750562,4.93592523681061
dish,0.20603076220411143,1.5256862605756958,2.999279468408173,2.1064815533228143,19908,378750562,4.299027632071986
do,0.41648722703464675,-0.08413638465275611,9.396233807681355,1.042048763632063,415646,378750562,5.618723605392979
doctor,0.4716326994232739,1.4461806545844464,4.355540370909746,0.9202076118358794,23403,378750562,4.369271532621027
does,0.8527348309158088,-0.1236363515671139,10.089338299133768,0.5089507127718689,176939,378750562,5.24782356845534
dog,0.7533299156192017,-0.20628750329072726,9.180063790621812,0.5761088083741802,107886,378750562,5.032965091418517
doll,0.11740240251120534,1.7168706318048512,2.8308877878862306,3.6966875525275333,5328,378750562,3.7265642161622448
door,0.21319003800147096,1.6930031566751536,2.9203622035723873,2.0357424017955545,20707,378750562,4.316117183498905
down,1.0105863267405562,-0.10046803957286334,10.185957568796558,0.429453663201421,141628,378750562,5.151149122304086
draw,0.3144190447510876,1.493943637385351,2.9818316629850834,1.380323511712147,34376,378750562,4.536255340675846
dress,0.18213034860064456,1.483374756236049,2.5055928346484313,2.382908742746809,14972,378750562,4.175279818442385
drink,0.25086825265142,1.5491840324437993,2.3163662865446426,1.729991720407287,15991,378750562,4.203875623277334
drive,0.14831855159653,1.817867679656082,1.9684427574829382,2.926134292226689,30304,378750562,4.481499957323179
drop,0.11842178030521179,1.5958100745644663,1.4414399027006937,3.6648663690196144,18497,378750562,4.267101296559969
dry,0.21396268868705107,1.510432808492883,2.521390260643236,2.0283910370690044,56602,378750562,4.752831777011912
each,2.9328162697495417,1.8975195090767352,12.075260536640556,0.14798063024829816,188773,378750562,5.275939877729282
ear,0.31726781256553466,1.3740846283154011,3.4321562125153013,1.3679294993416744,36264,378750562,4.559475706050631
eat,0.30194039315711846,1.5005627560616268,3.0004721006369923,1.4373697916401753,53427,378750562,4.727760788631262
egg,0.14041034057164492,1.5969840730597578,3.977906566042951,3.090940440946725,19396,378750562,4.287712175443486
empty,0.1676007926820079,1.4175901251554357,1.7376990179276675,2.589486559430756,8601,378750562,3.934548947666147
every,2.4385174466116095,-0.9582024328503397,9.468304078808135,0.17797699196413605,123581,378750562,5.091951705142395
eye,0.06564427008160426,1.5219985166286663,1.9925957945577313,6.611391968567588,59649,378750562,4.775603167233145
face,0.09632011708312047,1.5930989165009315,1.2307698594509722,4.505808476389985,38565,378750562,4.586193335698542
fall,0.11815836917217928,1.552893343930563,1.692522042217182,3.673036476727088,38275,378750562,4.582915199370299
farm,0.16219994989516354,1.7121360224622615,2.341756150706278,2.6757098277805387,20677,378750562,4.315487527750822
fast,0.2036987262184601,1.7286021113781336,1.658854094115469,2.130597515541405,40820,378750562,4.610873000380051
feed,0.24234370330526864,1.6504672093134047,2.6796919189009962,1.7908449614360773,37388,378750562,4.572732234017682
find,0.5519324906229612,-0.3124632271734879,8.751360352662635,0.7863280516610792,139599,378750562,5.144882307284009
fine,0.465770965616102,1.9324482813543769,2.523506040729054,0.9317884368896273,28690,378750562,4.457730548245999
finger,0.0381890329443874,1.7453493332676542,2.0599921536359194,11.364519249073693,10165,378750562,4.007107382974057
finish,0.2660641498370799,1.5310412036047552,2.5786591010276965,1.6311855628266827,12332,378750562,4.091033516054471
first,0.7604102771024108,-0.5142582069067324,8.391089665755914,0.5707445218307453,236732,378750562,5.374256967198596
fish,0.2356506312562704,1.5000922864099548,3.154651689323744,1.841709473411189,71366,378750562,4.853491355624656
fit,0.6541526315697888,1.7014512964588933,2.135051094516596,0.6634537247958749,36542,378750562,4.562792313273601
fix,0.1248099818291871,1.6441555681051963,1.5503663180131726,3.4772859801707634,18210,378750562,4.26030994579492
flower,0.2221557769213705,1.7220042862243736,2.7021681358640146,1.9535841291834122,17198,378750562,4.235477944612951
food,0.3910031824811765,1.4829436787157293,3.5622579842039244,1.1099653901688982,169780,378750562,5.229886529245892
foot,0.23515895289993155,1.3696668999144526,1.8798040598097785,1.8455601823702725,34562,378750562,4.53859886586218
for,0.13885530875768076,0.38058209056571696,5.825112937759423,3.1255556873045616,2373389,378750562,6.375368925199206
friend,0.38909834029207196,1.3139552637832728,3.5262782660770604,1.1153992578694196,18897,378750562,4.276392863069535
game,0.09085657700282951,1.5127478521577395,1.5935314588907241,4.776759309196561,53819,378750562,4.730935623964402
garden,0.2860384006640798,1.1157779815389026,2.3248906238832365,1.5172787954079094,54998,378750562,4.740346896680485
gas,0.1625870493975508,1.569750195773113,5.1847998148795105,2.669339296137923,59577,378750562,4.775078630529771
gentle,0.28903864083177805,1.6279744551024622,1.8561036575310315,1.5015293413747755,9079,378750562,3.958038016098337
get,0.3266905160091496,-0.09751511976233464,8.783110144799688,1.328474439055479,256513,378750562,5.409109379916443
give,1.9679861368886926,-0.9129475348497502,9.77029892992422,0.22053000875612702,78910,378750562,4.897132043382094
glass,0.28637839576874746,1.612235942249215,2.9218947414426824,1.5154774466662562,27028,378750562,4.431813910252937
glasses,0.12585881566611493,1.6717366051624611,3.926601087931525,3.448308310411395,8179,378750562,3.91270020819086
go,1.87681245638119,-0.7324442643680124,9.859738823355672,0.23124313701371363,127898,378750562,5.106863753268685
good,0.7268101084752241,-0.4653341733731012,8.5395719984435,0.5971298347934224,174517,378750562,5.2418377387254855
grass,0.11250380240910249,1.5250812099778552,2.093350772151097,3.857647392412808,28397,378750562,4.453272461446164
green,0.12670540578345263,1.6451013450984222,1.7759130411602904,3.425268222113055,52055,378750562,4.716462450813294
gum,0.1763232228479715,1.7562939275468337,4.732197198040365,2.4613887665506273,7826,378750562,3.8935398435646613
hair,0.5402149814815892,1.2540909231540351,3.363364705792937,0.803383865456147,32538,378750562,4.512390854819099
hand,0.6884172743768586,1.2582139718829592,4.007247057995836,0.6304315945483036,94149,378750562,4.9738157115349635
happy,0.21680754665375748,1.440498123831876,2.695256383177542,2.0017753380748307,19328,378750562,4.286186916941038
hard,0.6520924298000815,-0.5866803395265812,6.54630907912739,0.6655498211090346,78103,378750562,4.892667715803331
have,0.45272679681241934,-0.01867982018406746,10.269030486982558,0.9586355458871181,1018533,378750562,6.0079751045052845
he,1.1127692658210802,-0.49500285291476387,9.369809486013324,0.3900179608930554,254889,378750562,5.406351093443442
head,0.17531219986205196,1.8323750087696087,3.004552423675171,2.4755835608788317,79304,378750562,4.899295093170268
hear,0.02000177788999659,1.7182665956061274,2.059464758946416,21.698071160816895,20622,378750562,4.3143307825208685
heavy,0.21553446507710866,1.3723789777290898,1.295679657610889,2.0135990772739483,25708,378750562,4.410068291238362
help,0.4797252529101302,-0.11958531891565848,9.867853229507295,0.904684498819377,251464,378750562,5.40047581952939
her,0.2380631080685489,1.5454952281489032,3.3869679123005776,1.82304601297162,138587,378750562,5.1417224936736465
here,0.21367872936388133,1.1910444237813123,1.5353842129553614,2.031086581673394,91894,378750562,4.963287156087327
high,0.8491147077351202,-0.6523772310896514,8.194283053436354,0.5111205777575407,196172,378750562,5.292637019795818
him,0.3767058245300947,1.2129946841632393,2.831930380578907,1.1520926190652199,53468,378750562,4.728093939379775
his,0.30079247410016274,1.5371031178442087,3.2246646152236904,1.4428552486172896,172229,378750562,5.236106279983945
hit,0.01873055662384485,1.5369718222534692,1.6999261269109267,23.170694214580802,22120,378750562,4.34478512263266
hold,2.825855716890493,-2.125302950090643,7.605209784514008,0.15358179733166408,33835,378750562,4.529366180819488
home,1.5918866699241636,-0.29029571952708194,9.89815283312835,0.27263247327818596,131776,378750562,5.119836320601919
horse,0.06527176173267274,1.5691399611303194,1.425075136515951,6.649123426107172,24959,378750562,4.397227181043161
hot,0.18321029178702175,1.3841738755436723,1.9208197477933773,2.3688625555190765,49476,378750562,4.694394580848983
how,1.0194148794044786,0.007506277504263044,11.44109166093616,0.4257344176235037,346735,378750562,5.539997682266921
hurt,0.21038834035383525,1.1883482908162424,2.036502997876303,2.062851958763923,7028,378750562,3.8468317528232574
i,0.1267650622176668,1.2331903644679274,1.4152339864271601,3.4236562693810986,63591,378750562,4.8033956545333405
ice,0.38111208046280753,1.3948285608611057,2.5426724334936184,1.1387726137491299,35719,378750562,4.552899291746152
if,0.6851916681178066,-0.286249751459347,9.352259598802899,0.6333994124478778,419406,378750562,5.622634639167599
inside,0.23776484608178564,1.3876570589790662,1.6613705214423176,1.825332916753867,48910,378750562,4.689397662821282
into,0.8500673265557189,-0.06806125216255625,11.137556400167796,0.5105477959710204,397168,378750562,5.598974249935965
is,0.13623817182655448,0.4185389645628854,6.4259772017942005,3.1855976499194925,3641254,378750562,6.561250974718312
it,0.31105596834067584,0.01582485137365542,10.292737831691571,1.3952473000764702,1715849,378750562,6.2344790659414535
juice,0.187520835379495,1.2898431387886815,5.486421882036933,2.3144094848004126,8794,378750562,3.9441864612836874
jump,0.1720805981380129,1.863523283195452,1.9145520859166574,2.522073985655961,14445,378750562,4.159717546180215
kitchen,0.2470848383768306,1.609778101085923,2.488009055694852,1.7564817123181955,16669,378750562,4.221909546588134
knife,0.1656801826170576,1.6226570782554444,3.305758993860624,2.619504597017009,7392,378750562,3.8687619582120503
last,0.278074720609812,1.7000574891461442,1.6131162847882328,1.560731586993047,85709,378750562,4.93302642805054
later,0.3750062041805492,1.7440538805698436,2.2979592622331673,1.1573141861702316,44780,378750562,4.651084089243011
lawn,0.05892848110827838,1.6274764899790661,2.661360993185454,7.364859773028002,12787,378750562,4.106768665176806
light,0.19746109059548125,1.5677097232860862,2.9833284177379893,2.1979013621933867,145009,378750562,5.161394957607659
like,0.6193481150523583,-0.1478179300196465,9.770045433920544,0.7007367737985456,388893,378750562,5.589830125999778
listen,0.09551524299782285,1.6676083903733208,1.8695728658831063,4.543777373941167,10475,378750562,4.020154031638333
little,0.6492455032914367,-0.5194492289990249,7.634560181441891,0.6684682416740341,88168,378750562,4.9453109893823255
living,0.14155056466614252,1.443871049521581,1.3210119623368053,3.06604216679475,47222,378750562,4.6741443768674396
long,0.8841220455538261,-0.45865931885182154,8.717046348554103,0.4908824547273182,176726,378750562,5.2473004477856104
look,0.7505422202733375,1.1115006288731895,4.396154919414554,0.5782486158366187,110220,378750562,5.042260406689452
loud,0.11325429573771531,1.6812055415706568,3.4413774978761955,3.8320842240288795,8072,378750562,3.906981153228854
love,0.37079432549513075,1.2979599779994422,2.8829795767001167,1.1704601989808479,51611,378750562,4.712742273917355
make,0.7507781377533551,-0.43032046651092815,8.910156221513315,0.5780669124153123,296957,378750562,5.472693567112762
man,0.013502509056625383,0.012376215452884568,1.345790232146534,32.142174330706766,78158,378750562,4.8929734376084015
me,0.2814233182685679,1.8044254861229585,3.165157521349828,1.5421607657465863,136225,378750562,5.134256816576147
meat,0.2344286487915539,1.5534601822108745,3.113707973472409,1.8513095657770833,36343,378750562,4.5604207740911615
medicine,0.18123865276207196,1.681094543407932,3.133008466864527,2.3946326756784617,16167,378750562,4.208629438315688
money,0.2842047894195967,1.4711410556059283,3.8065655693473577,1.5270678614752242,45271,378750562,4.655820087817215
more,0.42573734968357485,-0.09956832066502008,9.51771950065717,1.0194078586775774,646382,378750562,5.810489254001804
morning,0.18314158763795094,1.497736061412485,3.0365939584839614,2.3697512159715806,16818,378750562,4.22577434814393
mouse,0.12079869802347425,1.7995699191606715,3.9638478560833574,3.592753954315491,8790,378750562,3.9439888750737717
mouth,0.21649180316918784,1.5634185149029616,3.6926263242907735,2.0046948366947177,23985,378750562,4.379939722801916
movie,0.012742710429949214,1.7535962383591341,2.0410940775477986,34.05868809354477,9653,378750562,3.9846623061901068
much,0.3710566697078564,-0.0693878542003349,9.062014752785997,1.1696326610749261,189597,378750562,5.2778314611995505
my,0.2749153943930695,1.5294929687065084,2.37739003118494,1.5786675058999204,241754,378750562,5.383373668540173
myself,0.2946067344658802,1.3580461448586711,4.44169864509507,1.4731503025103576,11269,378750562,4.051885378889872
need,0.8571167219532833,-0.13856416719726913,10.356955924959609,0.5063487724413513,265515,378750562,5.424089061135802
new,0.569468197500633,-0.4195864959061359,8.199522905655822,0.7621145516199217,260332,378750562,5.415527554852418
next,0.1611639288151776,1.6441970197355915,1.215625033163601,2.6929102758329386,69326,378750562,4.840896142820395
nice,0.09397532951008512,1.442317536752542,1.828868025360027,4.618233341266705,16785,378750562,4.224921345584031
night,0.31538959058300675,1.3054161807514575,3.231194451621766,1.376075853352479,41146,378750562,4.61432762175085
no,1.604018657583052,-0.504143817821806,10.177367692092162,0.2705704188341267,225639,378750562,5.353414166326161
none,0.16855041088574704,1.1597945376234065,1.9121370602731584,2.574897312437818,7735,378750562,3.8884603180353863
nose,0.1571917830933482,1.6815448592084736,3.2619240427171237,2.760958565768476,11596,378750562,4.06430820668296
not,0.360726603231123,0.028693671303994018,10.345637975257644,1.2031272329585563,815378,378750562,5.9113589894223715
now,1.2655465028580597,-0.8608553660318266,8.21439660674779,0.3429348499007122,124879,378750562,5.096489412345995
nuts,0.18833182456808786,1.7103419208680912,4.175157625672003,2.304443239985154,9422,378750562,3.9741430999022147
of,0.1443647602845363,0.4798233422780626,7.232313709552689,3.0062738243363962,6804009,378750562,6.832764879403752
off,1.115055912822265,-0.43086255080932195,9.02001009122722,0.3892181504168013,153033,378750562,5.18478509207608
old,0.6115097482162538,0.6940452846179024,3.693785839104865,0.7097188577385043,64717,378750562,4.81101837705843
on,0.09869576094242823,0.38826605735598557,5.078328292156009,4.397351982048787,1507838,378750562,6.178354684050073
orange,0.05439858524804094,1.4800098127979453,2.8099087188014353,7.9781486599530576,11177,378750562,4.048325250931222
other,1.1188269283910517,-0.33574608263305605,10.263480417569586,0.3879062873684325,432738,378750562,5.6362250335525355
our,0.994095225400813,-0.38932983954901645,9.96273452741214,0.43657789405940856,316482,378750562,5.5003490144387595
out,0.5420783956257605,-0.10613659390270656,9.620962540452046,0.8006222042828366,409394,378750562,5.612141473436438
oven,0.16174517637519675,1.5914711890650977,4.736312127883092,2.683233031897407,12170,378750562,4.085290578230065
over,1.0227026135887956,-0.9124318780217525,8.24417985425271,0.42436578750594756,290446,378750562,5.46306539978319
paint,0.10859886499700432,1.3884510129718732,1.8337127299921496,3.996358525588383,23363,378750562,4.36852860897939
paper,0.1390813589826177,1.5608865822329223,2.6681450982542385,3.1204756926069512,58993,378750562,4.7708004821212935
park,0.15226007538653516,1.6865912336413633,2.591098040217342,2.8503860837992203,11845,378750562,4.073535065058784
party,0.14943155235453878,1.6889262960763467,2.907918300410933,2.9043397673491267,10818,378750562,4.034146977106046
people,0.7167889180352736,-0.22065417995431794,9.698935109374226,0.6054781108915562,279176,378750562,5.44587808044262
person,1.2013715600847366,-1.0441991948949323,7.675505960412843,0.3612537656288356,80274,378750562,4.904574904120982
picture,0.0954562931749374,1.828739015688196,2.020252805880973,4.546583421217002,22333,378750562,4.348947065925597
pig,0.44992086526102726,1.7180872969431897,5.417364949355801,0.9646140766292521,19564,378750562,4.291457654149244
plant,0.5012780359943677,1.5794824021743186,3.761549251651256,0.8657869861365247,116803,378750562,5.067453997457149
plate,0.13837215245722273,1.8430716588668592,3.9387328951938567,3.1364692410502872,17497,378750562,4.242963591821483
play,0.18877312610064387,1.8184994214561876,2.322919808272223,2.2990560625065566,71607,378750562,4.854955479190211
please,0.24295451966442946,1.6348405104091852,3.4266397913759024,1.7863425656762588,20040,378750562,4.301897717195208
pool,0.14041095487224745,1.5105807205202517,3.03000332750272,3.0909269180234107,20782,378750562,4.3176873404861835
present,0.3043335864330631,1.807315473493367,1.7950128457783592,1.4260667220029508,61409,378750562,4.788232025276355
pretty,0.38064783914177214,1.1054455240802625,1.9547869825904716,1.1401614704513188,28886,378750562,4.460687406911686
pull,0.28494085562355953,1.3718802422220795,1.6552304055764493,1.5231231023372975,26811,378750562,4.428313012654368
puppy,0.10639577806839444,1.5475304086897246,3.5672993943380167,4.079109226693296,11440,378750562,4.058426024457005
push,0.12349976740913254,1.8530162400897021,1.6220979391571628,3.5141766588291294,20618,378750562,4.314246535288421
put,1.1873889166747034,-1.0888390483509136,7.775989989717423,0.3655078752254334,74773,378750562,4.873744805513719
quiet,0.3278702518088688,1.4898792209669762,2.472122912006789,1.3236943504499434,8173,378750562,3.9123814989188004
radio,0.04937464955856777,1.6199715353985917,1.396872216519343,8.789935804712762,18557,378750562,4.268507767747351
rain,0.2299536159905346,1.4177097196622748,2.4307837451964964,1.8873371402773,28885,378750562,4.460672371877432
read,0.08483491075117647,1.760897608528105,1.2475191646565236,5.115818430845481,71508,378750562,4.854354631472412
red,0.13954659018462656,1.477766760649449,1.9609404594978255,3.110072409693408,62530,378750562,4.796088428680669
ride,0.1558307056846257,1.7224259912893471,2.0920600111198953,2.785073699649032,11267,378750562,4.051808294317092
room,0.14853516412488438,1.5530906586418,2.159551653406897,2.9218670377278775,44827,378750562,4.651539675135214
salt,0.05851278655886181,1.5077726456136602,2.3754531282857725,7.417182218170574,25988,378750562,4.414772858093331
same,0.9603580128684338,-0.6686619899834466,8.848681457305965,0.45191480071448803,157242,378750562,5.196568559082419
sauce,0.06787536683088033,1.4133910240805647,4.280824870121083,6.394072257191087,12179,378750562,4.0856116304716465
say,0.34954045144773993,1.3446524147519774,2.9071652498123584,1.2416302553894472,69731,378750562,4.843425893390316
school,0.3379470683425715,1.0214593797926974,3.0584980058778326,1.2842247814976195,79483,378750562,4.900274250723352
see,0.9172339363005423,-0.41715613999916895,9.54619027198123,0.4731617342359157,156757,378750562,5.19522694340065
share,0.24120340642452276,1.79190087972039,1.7072591238792443,1.799311238731643,37023,378750562,4.568471607033241
she,0.4311477814137746,1.310027876146456,4.236568012074341,1.0066154082409347,98763,378750562,4.994594273479999
shopping,0.12998649375354965,1.5702211928769303,3.04712554441468,3.3388084213029896,7352,378750562,3.8664054983780547
show,1.6537288159949308,-1.41493678647733,7.623462712832933,0.2624372241702114,65343,378750562,4.815199069740529
shower,0.13615844863050106,1.594609132600421,3.282075339615014,3.1874628740649373,7204,378750562,3.857573704147496
sick,0.014575023496086399,1.4894161242590418,2.1386530461293356,29.776967434497458,12722,378750562,4.104555391240513
sit,0.4157107173046707,1.4551267683293014,2.8924715823828704,1.0439952157450039,14426,378750562,4.1591459278540475
sky,0.12539505279303065,1.619561959939411,2.0382151650898477,3.4610615836362673,11667,378750562,4.0669591978671225
sleep,0.15473082843450112,1.6101716202947596,4.2387081083671525,2.8048709128686395,34565,378750562,4.5386365612184525
slow,0.17905240555791915,1.8957905054688997,2.013619100229687,2.423871372449176,34275,378750562,4.5349774634615505
snow,0.1763467788884431,1.6642039990584878,1.720250204980113,2.461059979295387,21904,378750562,4.340523430789915
so,0.7593300589064784,-0.569023128770665,8.540432453008204,0.5715564594203071,405476,378750562,5.607965153550803
soap,0.13230524001760594,1.5375054786271436,5.062263073580533,3.2802933575589854,10414,378750562,4.017617573339674
soda,0.23004111047849837,1.1166640112338955,4.062399208989892,1.8866193051200968,6832,378750562,3.8345478576809486
soft,0.2445750889220598,1.3722355538408644,1.2933418940336878,1.7745061523346939,26781,378750562,4.4278267894935235
some,0.48922023347708476,-0.17201346276862478,9.179970238400557,0.8871260228044691,373597,378750562,5.572403380168664
stand,0.29062059136333673,1.7865154335336808,2.3392057080462214,1.4933559868007045,25041,378750562,4.3986516682209045
star,0.21752972439096813,1.067662295134065,1.3473433945093767,1.9951296367202116,21118,378750562,4.324652785542988
stay,4.246204010958549,1.3518383889135106,12.285318141702016,0.10220893741326095,43978,378750562,4.643235474940323
stick,0.22331508100046624,1.3974932440934775,1.2915583984259431,1.9434424135425672,19261,378750562,4.2846788312416715
stone,0.31646061353503246,1.4520426181561923,3.273918245671644,1.3714186898394414,16207,378750562,4.209702632120352
stop,2.807369987698047,-1.746587525359276,8.248418370113322,0.15459308958270443,53883,378750562,4.73145176758501
store,0.10394211471043426,1.6479383694045784,2.37366031717922,4.175400906639749,32352,378750562,4.509901133910907
story,0.1708730838203979,1.6060199804383597,2.346752380318784,2.539896807013624,38436,378750562,4.584738184711447
street,0.05917085687544923,1.692906278849128,1.9133292413789285,7.334691821575975,9170,378750562,3.962369335670021
stuck,0.3245699745197404,1.3381116102272075,3.4602699885505004,1.3371538776566778,7512,378750562,3.8757555792580547
sun,0.05336572812121658,1.5549108553614857,2.1456352146102624,8.132560264411625,53069,378750562,4.7248409041250765
swim,0.1733435631080548,1.6044304003248684,1.4680670619000615,2.5036983907470702,12367,378750562,4.092264360788348
table,0.12243502417602095,1.7330005224652079,2.7356709552862712,3.544737324313768,36368,378750562,4.560719418380896
take,0.483336353410654,-0.2878834281625804,8.430024133680057,0.8979254238533623,170195,378750562,5.23094679720388
talk,0.31281496278218285,1.298256703262539,1.4511930529263877,1.387401664357724,30652,378750562,4.486458816884649
tape,0.2838419981836679,1.8323746173698803,3.400334223416176,1.5290196756547922,10185,378750562,4.007961033336183
taste,0.16682693860772324,1.5752625296320377,3.1801669805193367,2.6014983168905794,24074,378750562,4.381548256191099
teacher,0.17246465148589377,1.3482531107139677,2.2106632178347,2.516457698785294,17974,378750562,4.254644737354622
that,0.3267624753065801,0.057734884478034855,10.841781781279693,1.3281818837759931,2409238,378750562,6.381879704515213
the,0.13036556811004793,0.4037489062055736,6.61410660996181,3.329099901851687,11973650,378750562,7.0782265591971525
their,0.6913106452418499,-0.11245460526892323,11.091194454166061,0.6277930232770657,727294,378750562,5.861710004761535
them,0.5249002169610751,-0.0838504577237591,9.962648369445821,0.8268238152246449,424899,378750562,5.628285708978446
then,2.4438064513640327,1.3475465917028444e-4,11.724591394926684,0.17759180550397474,215174,378750562,5.332789793301502
there,0.7812165742675788,-0.41850676091368316,9.407636317165654,0.5555437689054307,353063,378750562,5.547852207119063
these,0.6540907168203184,-0.3720659342968794,9.04308486808128,0.6635165258265264,349956,378750562,5.544013443897593
they,0.5014721725454957,-0.07122227793234469,10.51518491185803,0.8654518112081796,728138,378750562,5.862213696564125
think,0.43601595683489275,-0.10482246938112598,9.359629886163749,0.9953764150066275,111259,378750562,5.046335152167512
this,0.3396287382507433,-0.07709316489193768,9.441166999343025,1.277865949257756,859808,378750562,5.9344014816506
those,1.3527668165566853,-0.9901845089110378,8.6961668734618,0.32082395479266546,152148,378750562,5.182266247889239
time,1.0213129394221108,-0.03118740730761411,11.395355599948203,0.4249432110843226,392706,378750562,5.594067536735111
tissue,0.3166121113858169,1.3539338606024465,4.379141651652065,1.370762470520708,24379,378750562,4.387015887361571
to,0.1657920532183149,0.42918448893346206,7.11078726487106,2.6177370481594133,6741706,378750562,6.828769809389091
today,0.2368386298319559,1.7168962114504238,1.8686914351520487,1.8324713342073293,54480,378750562,4.736237098904729
too,2.147494357170934,-0.6222792571887652,9.886842547395439,0.20209599086990984,118480,378750562,5.073645045513152
tooth,0.12339593717787872,1.6073325879214695,3.9134983889057002,3.517133626323343,20416,378750562,4.3099706570410685
touch,0.16971707123931976,1.7504268951020685,2.840379398922355,2.5571970858960453,23303,378750562,4.367411835170924
tree,0.19210085716854214,1.4291765855975205,3.310513768985322,2.2592298982779893,50316,378750562,4.701706108451193
turn,0.31298004147675024,1.6037415896583924,1.7200916149157166,1.3866698910008284,51954,378750562,4.715618990027021
under,0.8254811142543458,-1.1484303475167499,6.919194624086339,0.5257540027333402,141362,378750562,5.150332680972529
up,0.6401810977209695,-0.1259330415680573,9.712594276339045,0.6779331685128323,400134,378750562,5.602205455615492
us,0.9572792507302983,0.005919953534776421,10.739435808154576,0.4533682305021298,134829,378750562,5.129783313456093
vacuum,0.16818300696926722,1.48179381428332,1.8214023523914697,2.5805223002066233,11060,378750562,4.043755126968679
wait,0.333490818115335,1.4524950266057814,2.991888981283781,1.301385154927728,15639,378750562,4.194208979646682
walk,0.09801725356519367,1.775212790034044,1.4776648550387277,4.42779188575546,24758,378750562,4.393715558601472
was,0.6245965456447908,-0.14205713086867444,10.092409988793351,0.6948485434737204,622765,378750562,5.794324196808744
wash,0.1140830196350439,1.4814754990688084,1.8143946302285539,3.804247129751502,12596,378750562,4.1002326519645065
washing,0.22336527989091878,1.4043981301943165,2.8964027328164237,1.9430056462308978,10867,378750562,4.03610966706058
watch,0.12481336796443865,1.8675926786657668,2.318099114493279,3.4771916428347134,19327,378750562,4.28616444665352
water,1.228672596667352,-0.23695334805078647,10.27419074237063,0.3532267271014104,321446,378750562,5.507108025870613
we,0.6595106069347272,-0.27209902363888294,9.734470276417843,0.6580637148766186,583234,378750562,5.765842833523188
were,0.8701687781839762,-0.1735630811576739,10.165420757117445,0.4987538175131367,295985,378750562,5.4712697023349675
what,0.8106096114930853,-0.33233645794751226,9.58916483775123,0.5353995238233147,323887,378750562,5.51039351688462
when,1.831984987972329,-0.435287846879823,10.911724857550684,0.2369015045698373,427914,378750562,5.631356495465668
where,2.8900848212345585,1.85427854894907,11.862096877354972,0.1501686029459191,223616,378750562,5.349502874630799
which,0.4810032241704972,-0.25751890519682014,8.880127374004957,0.9022808542467559,553366,378750562,5.74301247163543
white,0.16986563146659092,1.6888552309500344,3.351646187692068,2.5549606253655783,57709,378750562,4.76124354878025
who,0.5633478667643468,-0.10690025455168106,9.808915704232666,0.7703943257879521,251834,378750562,5.401114363641436
why,0.3843041023382349,1.198033441738532,4.423624573675058,1.1293139921208193,95765,378750562,4.981206813001122
will,0.36302476162353203,-0.04425864406360996,9.653136523162658,1.195510736124583,732570,378750562,5.864849129587562
wind,0.18745356126150925,1.6236939717551973,2.8974038800546618,2.3152400897550476,40110,378750562,4.603252661981647
window,0.10057669780323074,1.791765627497823,2.1950781324658495,4.315114827582448,18963,378750562,4.277907045047425
wish,0.5970304284141095,1.0058156318773728,3.560137947601852,0.7269311233479895,11337,378750562,4.054498146636677
with,0.3744124639588286,0.038396516975998315,10.855534989034151,1.1591494455369515,1701171,378750562,6.2307479706518345
work,0.8481403553974894,-0.5201297320907297,8.46128939661875,0.5117077583186117,239697,378750562,5.379662598524272
would,0.8625572093939108,-0.3436578258081496,9.642052062572937,0.5031550316586616,265100,378750562,5.423409727733094
write,0.30939957578832006,1.6519080377487727,2.2013498759993393,1.4027168553615827,23526,378750562,4.371548092683851
yard,0.2449521424109546,1.5248021392008875,2.91137215258141,1.7717746647501498,10289,378750562,4.012373167222489
yellow,0.11960010539573163,1.4433976841192322,2.7346075506390637,3.628759344015502,25407,378750562,4.404953387586244
yes,0.33498112660006596,1.53292985741915,3.652222906246596,1.2955953799694295,10091,378750562,4.003934206173708
you,0.15210916256861845,0.37972143651838397,6.36632725147518,2.853214051482381,1825197,378750562,6.261309746269527
your,0.3627145124550881,0.012247370124072262,10.580910993937131,1.1965333205512105,1231461,378750562,6.090420662417109
yourself,0.3963080689995335,1.3296002005941543,4.518371188856054,1.0951076547485357,43181,378750562,4.635292695651132
